{"radius": {"std": 0.0031592064924546386, "mad": 0.0007193065020046352}, "luminosity": {"std": 0.013091453133521488, "mad": 0.001662317802538782}, "star_feh": {"std": 0.0010103521414256134, "mad": 0.0004036022869300937}, "nu_0_6": {"std": 0.30991524050630137, "mad": 0.18503403141781405}, "nu_0_7": {"std": 0.3576611626309852, "mad": 0.22224471350972408}, "nu_0_8": {"std": 0.3701364267757371, "mad": 0.2275139276885909}, "nu_0_9": {"std": 0.3276912175745757, "mad": 0.1971704275900379}, "nu_0_10": {"std": 0.3607234429548008, "mad": 0.22212924163957837}, "nu_0_11": {"std": 0.3354543162205072, "mad": 0.20247161307119654}, "nu_0_12": {"std": 0.3517629357851265, "mad": 0.2134964919578124}, "nu_0_13": {"std": 0.35036903565470046, "mad": 0.2107925679681557}, "nu_0_14": {"std": 0.37649719535372084, "mad": 0.22420951017790003}, "nu_0_15": {"std": 0.3719897549797088, "mad": 0.2172676270025704}, "nu_0_16": {"std": 0.39047999265618194, "mad": 0.23051234035870038}, "nu_0_17": {"std": 0.39665637177205193, "mad": 0.23273961348695593}, "nu_0_18": {"std": 0.4166036332040451, "mad": 0.24291536190025909}, "nu_0_19": {"std": 0.4321406119232347, "mad": 0.25006098721087255}, "nu_0_20": {"std": 0.43581431257083886, "mad": 0.25091414221492414}, "nu_0_21": {"std": 0.4667151177065754, "mad": 0.27505114346695336}, "nu_0_22": {"std": 0.4936456264008637, "mad": 0.29632977782256376}, "nu_0_23": {"std": 0.5066982583799569, "mad": 0.3081736797984149}, "nu_0_24": {"std": 0.5203933022026115, "mad": 0.31590700972077457}, "nu_0_25": {"std": 0.5517364332313736, "mad": 0.336237495550904}, "nu_0_26": {"std": 0.5895106391059222, "mad": 0.3636444491869497}, "nu_0_27": {"std": 0.5822675569108462, "mad": 0.35459515445438683}, "nu_0_28": {"std": 0.6402038647331858, "mad": 0.4011605769394464}, "nu_0_29": {"std": 0.6507725278618341, "mad": 0.3912186613662243}, "nu_0_30": {"std": 0.670589751727826, "mad": 0.3969403918902117}, "nu_0_31": {"std": 0.7390568326607468, "mad": 0.4319242478181877}, "nu_0_32": {"std": 0.7240541200321525, "mad": 0.4202417979229267}, "nu_0_33": {"std": 0.8187751237376046, "mad": 0.4688928063305866}, "nu_0_34": {"std": 0.8373164926138488, "mad": 0.46773607411887497}, "nu_0_35": {"std": 0.8538215816945913, "mad": 0.4792657144803343}, "nu_0_36": {"std": 0.9613201329782937, "mad": 0.5260560855597305}, "nu_0_37": {"std": 0.8889237874846038, "mad": 0.47876228558243383}, "nu_0_38": {"std": 0.9910317731954589, "mad": 0.5532791100791883}, "nu_0_39": {"std": 0.9775812660277565, "mad": 0.5265563637339028}, "nu_0_40": {"std": 1.0333786757186614, "mad": 0.573798989656666}, "effective_T": {"std": 5.8083993007307, "mad": 2.127930620202278}}