{"architecture": "stem_2_256_ctine_2_64_atine_12_128_WMSE_32768batch_exp2e4_100kepochs_swish_001lr_0001exp_bob", "data_scaling": {"inp_mean": {"log_initial_mass": 0.006441049812438428, "log_initial_Zinit": -1.9393358496405586, "log_initial_Yinit": -0.5527559397498161, "log_initial_MLT": 0.3218205063960496, "log_star_age": 0.5623036917871256}, "classical_out_mean": {"log_radius": 0.0932200634214156, "log_luminosity": 0.20660891337112214, "log_surface_Z": -1.9891181973744645}, "astero_out_mean": {"log_nu_0_16": 3.2295689988642606, "log_nu_0_17": 3.2538647336366635, "log_nu_0_18": 3.276922892313472, "log_nu_0_19": 3.2988989659631778, "log_nu_0_20": 3.319888114737057, "log_nu_0_21": 3.3399523050925892, "log_nu_0_22": 3.359146457095418, "log_nu_0_23": 3.377529311164168, "log_nu_0_24": 3.3951538248198796, "log_nu_0_25": 3.412055651389229}, "inp_std": {"log_initial_mass": 0.05111379606683289, "log_initial_Zinit": 0.2952364289900515, "log_initial_Yinit": 0.04374022081834726, "log_initial_MLT": 0.060038533402826104, "log_star_age": 0.39944585521130777}, "classical_out_std": {"log_radius": 0.142320909929958, "log_luminosity": 0.33583488851021154, "log_surface_Z": 0.3312115817048368}, "astero_out_std": {"log_nu_0_16": 0.2018562069761877, "log_nu_0_17": 0.20158276439032383, "log_nu_0_18": 0.20129287801939197, "log_nu_0_19": 0.20102919106313524, "log_nu_0_20": 0.20080448088974737, "log_nu_0_21": 0.20061620340421374, "log_nu_0_22": 0.20047247877719407, "log_nu_0_23": 0.20038884681284927, "log_nu_0_24": 0.20038826895550613, "log_nu_0_25": 0.20050625852098072}}, "custom_objects": {"inverse_pca": {"pca_comps": [[-0.3162261520504482, -0.3162273525562773, -0.3162281307460989, -0.3162285697945657, -0.316228768604847, -0.3162287926274891, -0.31622863674647966, -0.3162282053550545, -0.31622734151781945, -0.316225710151951], [0.4885159236928149, 0.37830784782227544, 0.2654831267788267, 0.15905723903247748, 0.0604262555642885, -0.03642501942322901, -0.14162531631225161, -0.2566711301659544, -0.38427091234789323, -0.5327990436574912], [-0.5015133037964161, -0.24020917788190607, 0.05142254232319553, 0.2723517629589841, 0.3774504582076921, 0.36978483643011384, 0.253751754386422, 0.07092824049412588, -0.16653526832654994, -0.4874420569928656], [-0.467499136339592, 0.1449535916508, 0.49215778085956874, 0.3942081663958961, 0.04849958911246203, -0.26245620879679415, -0.37021660064049605, -0.2605431516106775, -0.013148438317430594, 0.2940446151932693], [-0.33207933798277783, 0.4519346850195518, 0.260773235879912, -0.2387242136375514, -0.41225203594146764, -0.17601064081915765, 0.19650026393468373, 0.39357743459859107, 0.20716570016049696, -0.35088710169939036]], "pca_mean": [5.0977709149674625e-15, 4.011732142263283e-15, -3.3569146469563513e-15, -2.341817531429497e-15, 2.9572642641144578e-15, 4.5023809858823735e-15, -9.118788614452909e-15, -5.460279068920704e-15, -2.257876094141144e-15, -3.5032550287776397e-15]}, "WMSE": {"weights": [0.02324560601067967, 0.012220076304794422, 0.009762892656483512, 0.00011530706805035573, 0.000109209187475727, 0.00010373957827574545, 9.877493746324607e-05, 9.424043658607474e-05, 9.008674371702482e-05, 8.626668769588676e-05, 8.273438289926203e-05, 7.944721575439512e-05, 7.636537366843286e-05]}}, "parameter_ranges": {"log_initial_mass": {"min": 0.8, "max": 1.2}, "log_initial_Zinit": {"min": 0.003869061466818601, "max": 0.0389797119014747}, "log_initial_Yinit": {"min": 0.24, "max": 0.32}, "log_initial_MLT": {"min": 1.7, "max": 2.5}, "log_star_age": {"min": 0.029664111540787196, "max": 13.999973871651315}}}