{"2": 0.0008449387550354004, "4": 0.0012384891510009766, "6": 0.0016707444190979003, "8": 0.0020094895362854004, "10": 0.0023966336250305174, "12": 0.0028475332260131836, "14": 0.0031949591636657713, "16": 0.0036493325233459472, "18": 0.00398942232131958, "20": 0.004438467025756836, "22": 0.004766006469726563, "24": 0.005164034366607666}