{"2": 0.001157357692718506, "4": 0.0016798186302185059, "6": 0.0022108101844787596, "8": 0.0027871108055114746, "10": 0.003326551914215088, "12": 0.0038724017143249513, "14": 0.004420154094696045, "16": 0.004947621822357178, "18": 0.005507102012634277, "20": 0.006036937236785889, "22": 0.0065673160552978515, "24": 0.007089383602142334}